path,line,class,bases,dialog_candidate
ui/activity_log_page.py,8,ActivityLogPage,QWidget,no
ui/ai_pages/ai_analytics.py,12,AIAnalytics,,no
ui/ai_pages/ai_bilingual_terms.py,11,QueryLexicon,,no
ui/ai_pages/ai_burmese_normalizer.py,8,AIBurmeseNormalizer,,no
ui/ai_pages/ai_cache.py,12,QueryCache,,no
ui/ai_pages/ai_chat_room.py,30,ChatInputEdit,QTextEdit,no
ui/ai_pages/ai_chat_room.py,50,AIChatRoom,QWidget,no
ui/ai_pages/ai_chat_visuals.py,10,AIBarChart,QWidget,no
ui/ai_pages/ai_chat_visuals.py,33,AITrendChart,QWidget,no
ui/ai_pages/ai_chat_visuals.py,69,AIResultVisual,QFrame,no
ui/ai_pages/ai_chat_widgets.py,15,CopyableMessageFrame,QFrame,no
ui/ai_pages/ai_chat_worker.py,13,QueryWorker,QThread,no
ui/ai_pages/ai_conversation_context.py,9,AIConversationContext,,no
ui/ai_pages/ai_customer_insights.py,12,AICustomerInsights,,no
ui/ai_pages/ai_dashboard/dashboard_cards.py,10,DashboardCards,,no
ui/ai_pages/ai_dashboard/dashboard_charts.py,11,DashboardCharts,,no
ui/ai_pages/ai_dashboard/dashboard_charts.py,128,_BaseChart,QWidget,no
ui/ai_pages/ai_dashboard/dashboard_charts.py,170,_DailySalesChart,_BaseChart,no
ui/ai_pages/ai_dashboard/dashboard_charts.py,215,_HorizontalValueChart,_BaseChart,no
ui/ai_pages/ai_dashboard/dashboard_data.py,12,DashboardData,,no
ui/ai_pages/ai_dashboard/dashboard_icons.py,11,DashboardIcons,,no
ui/ai_pages/ai_dashboard/dashboard_utils.py,10,DashboardUtils,,no
ui/ai_pages/ai_dashboard/dashboard_widget.py,27,AIDashboard,QWidget,no
ui/ai_pages/ai_dashboard/svg_utils.py,11,SVGUtils,,no
ui/ai_pages/ai_dashboard_digest.py,12,DashboardDigestService,,no
ui/ai_pages/ai_dashboard_digest.py,137,DashboardDigestScheduler,,no
ui/ai_pages/ai_dashboard_governance.py,10,DashboardAIGovernance,,no
ui/ai_pages/ai_dashboard_queries.py,13,AIDashboardQueryHandler,,no
ui/ai_pages/ai_employee_queries.py,14,EmployeeQueryHandler,,no
ui/ai_pages/ai_enhanced_worker.py,34,EnhancedQueryWorker,QThread,no
ui/ai_pages/ai_error_diagnostics.py,6,AIErrorDiagnostics,,no
ui/ai_pages/ai_error_handler.py,10,AIErrorHandler,,no
ui/ai_pages/ai_inventory_recommendation.py,12,AIInventoryRecommendation,,no
ui/ai_pages/ai_natural_language.py,14,AINaturalLanguagePlanner,,no
ui/ai_pages/ai_natural_language.py,53,AIInsightHandler,,no
ui/ai_pages/ai_navigation.py,6,AINavigationRequest,,no
ui/ai_pages/ai_nlp_processor.py,10,NLProcessor,,no
ui/ai_pages/ai_pages_page.py,26,AIPagesPage,QWidget,no
ui/ai_pages/ai_product_search.py,13,AIProductSearch,,no
ui/ai_pages/ai_query_handlers.py,12,QueryHandlers,,no
ui/ai_pages/ai_report_generator.py,15,AIReportGenerator,,no
ui/ai_pages/ai_response_templates.py,10,ResponseTemplates,,no
ui/ai_pages/ai_result_exporter.py,11,AIResultExporter,,no
ui/ai_pages/ai_sales_summary_governance.py,13,SalesSummaryGovernance,,no
ui/ai_pages/ai_sales_summary_governance.py,67,SalesSummaryDigestService,,no
ui/ai_pages/ai_sales_summary_governance.py,141,SalesSummaryDigestScheduler,,no
ui/ai_pages/ai_sales_summary_queries.py,13,AISalesSummaryQueryHandler,,no
ui/ai_pages/ai_settings_assistant.py,11,AISettingsAssistant,,no
ui/ai_pages/ai_troubleshooter.py,13,AITroubleshooter,,no
ui/ai_pages/ai_usage_guide.py,4,ProjectUsageGuide,,no
ui/ai_pages/ai_voice.py,19,AIVoiceAssistant,,no
ui/auto_backup_dialog.py,14,AutoBackupDialog,QDialog,yes
ui/backup_reset_setting.py,1041,BackupWorker,QThread,no
ui/backup_reset_setting.py,1074,RestoreWorker,QThread,no
ui/backup_reset_setting.py,1132,FactoryResetWorker,QThread,no
ui/backup_reset_setting.py,1311,ProgressDialog,QDialog,yes
ui/backup_reset_setting.py,1369,BackupResetSettingWidget,QWidget,no
ui/backup_reset_setting.py,1665,BackupInfoDialog,QDialog,yes
ui/backup_reset_setting.py,1755,ConfirmResetDialog,QDialog,yes
ui/barcode_history_widget.py,30,BarcodeHistoryWidget,QWidget,no
ui/base_form_dialog.py,11,BaseFormDialog,QDialog,yes
ui/cashier_window/cart_widget.py,73,QuantityDialog,QDialog,yes
ui/cashier_window/cart_widget.py,257,CartItemWidget,QFrame,no
ui/cashier_window/cart_widget.py,727,CartWidget,QWidget,no
ui/cashier_window/cashier_ui.py,44,CashierUI,QMainWindow,no
ui/categories/category_form_dialog.py,29,CategoryFormDialog,QDialog,yes
ui/categories/category_list_actions.py,15,CategoryListActions,,no
ui/categories/category_list_dialog.py,37,CategoryListDialog,QDialog,yes
ui/categories/category_list_table.py,14,CategoryListTable,,no
ui/categories/category_list_ui.py,22,CategoryListUI,,no
ui/categories/category_merge_dialog.py,24,CategoryMergeDialog,QDialog,yes
ui/categories/category_service.py,20,CategoryService,,no
ui/categories/category_summary_widget.py,20,CategorySummaryWidget,QWidget,no
ui/change_password_dialog.py,11,ChangePasswordDialog,QDialog,yes
ui/contact_dialog.py,3,BaseContactDialog,BaseFormDialog,yes
ui/contact_dialog.py,7,SupplierDialog,BaseContactDialog,yes
ui/contact_dialog.py,26,AddEditCustomerDialog,BaseContactDialog,yes
ui/customer_page/add_edit_customer_dialog.py,22,AddEditCustomerDialog,QDialog,yes
ui/customer_page/credit_payment_dialog.py,21,CreditPaymentDialog,QDialog,yes
ui/customer_page/credit_sale_dialog.py,20,CreditSaleDialog,QDialog,yes
ui/customer_page/customer_display.py,45,CustomerDisplayWindow,QWidget,no
ui/customer_page/customer_display.py,32,YouTubeRequestInterceptor,QWebEngineUrlRequestInterceptor,no
ui/customer_page/customer_display_cart.py,39,CartDisplayWidget,QWidget,no
ui/customer_page/customer_display_shop.py,14,ShopInfoWidget,,no
ui/customer_page/customer_display_title_bar.py,8,TitleBar,QWidget,no
ui/customer_page/customer_ledger_dialog.py,20,CustomerLedgerDialog,QDialog,yes
ui/customer_page/customers_page.py,28,CustomersPage,QWidget,no
ui/customer_page/outstanding_report_dialog.py,21,OutstandingReportDialog,QDialog,yes
ui/dashboard/ai_assistant/chart_tab.py,23,ChartTab,QWidget,no
ui/dashboard/ai_assistant/chart_tab.py,274,_BarChartWidget,QWidget,no
ui/dashboard/ai_assistant/chart_tab.py,379,_HorizontalBarChart,QWidget,no
ui/dashboard/ai_assistant/chart_tab.py,472,_PieChartWidget,QWidget,no
ui/dashboard/ai_assistant/insight_builder.py,13,InsightBuilder,,no
ui/dashboard/ai_assistant/widget.py,46,AIAssistantWidget,QFrame,no
ui/dashboard/dashboard_backup.py,9,DashboardBackupStatus,,no
ui/dashboard/dashboard_cards.py,7,ClickableCard,QFrame,no
ui/dashboard/dashboard_cards.py,15,DashboardCards,,no
ui/dashboard/dashboard_cards.py,72,BackupStatusCard,,no
ui/dashboard/dashboard_dialogs.py,21,DiscountedSalesDialog,QDialog,yes
ui/dashboard/dashboard_dialogs.py,91,RefundedSalesDialog,QDialog,yes
ui/dashboard/dashboard_export.py,10,DashboardExport,,no
ui/dashboard/dashboard_filters.py,8,DashboardFilters,QWidget,no
ui/dashboard/dashboard_page.py,22,DashboardPage,QWidget,no
ui/dashboard/dashboard_table.py,11,DashboardTable,QFrame,no
ui/dashboard/modern_card.py,9,ModernSummaryCard,QFrame,no
ui/design_system/buttons.py,13,BaseButton,QPushButton,no
ui/design_system/buttons.py,94,PrimaryButton,BaseButton,no
ui/design_system/buttons.py,126,SecondaryButton,BaseButton,no
ui/design_system/buttons.py,172,DangerButton,BaseButton,no
ui/design_system/buttons.py,204,SuccessButton,BaseButton,no
ui/design_system/buttons.py,236,WarningButton,BaseButton,no
ui/design_system/card.py,12,StatCard,QFrame,no
ui/design_system/colors.py,10,ColorPalette,,no
ui/design_system/combobox.py,10,PrimaryComboBox,QComboBox,no
ui/design_system/dialog.py,16,PrimaryDialog,QDialog,yes
ui/design_system/header.py,12,PageHeader,QWidget,no
ui/design_system/message_box.py,7,ModernMessageBoxFilter,QObject,no
ui/design_system/search.py,12,SearchLineEdit,QWidget,no
ui/design_system/table.py,14,ModernTable,QTableWidget,no
ui/design_system/table.py,224,ModernTableContainer,QWidget,no
ui/design_system/theme.py,13,ThemeColors,,no
ui/design_system/theme.py,64,DarkThemeColors,,no
ui/design_system/theme.py,111,ThemeTypography,,no
ui/design_system/theme.py,134,ThemeSpacing,,no
ui/design_system/theme.py,154,ThemeRadius,,no
ui/design_system/theme.py,172,ThemeIcons,,no
ui/design_system/theme.py,216,Theme,,no
ui/design_system/usage_example.py,16,MainWindow,QMainWindow,no
ui/discount_page/discount_page.py,31,DiscountPage,QWidget,no
ui/employee_page.py,120,EmployeeDialog,QDialog,yes
ui/employee_page.py,221,EmployeesTab,QWidget,no
ui/employee_page.py,259,AttendanceSyncProgressDialog,QDialog,yes
ui/employee_page.py,297,AttendanceSyncWorker,QObject,no
ui/employee_page.py,314,AttendanceTab,QWidget,no
ui/employee_page.py,369,ShiftsTab,QWidget,no
ui/employee_page.py,431,PayrollTab,QWidget,no
ui/employee_page.py,460,EmployeeManagementPage,QWidget,no
ui/employee_phase_two.py,28,LeaveTab,QWidget,no
ui/employee_phase_two.py,48,DocumentsTab,QWidget,no
ui/employee_phase_two.py,62,FinanceTab,QWidget,no
ui/employee_phase_two.py,84,PerformanceTab,QWidget,no
ui/employee_phase_two.py,95,CashSessionsTab,QWidget,no
ui/expense/add_category_dialog.py,21,AddCategoryDialog,QDialog,yes
ui/expense/edit_category_dialog.py,21,EditCategoryDialog,QDialog,yes
ui/expense/expense_cards.py,9,ExpenseCards,QWidget,no
ui/expense/expense_categories_dialog.py,29,ExpenseCategoriesDialog,QDialog,yes
ui/expense/expense_category_tab.py,23,ExpenseCategoryTab,QWidget,no
ui/expense/expense_chart.py,17,_MonthlyExpenseChart,_DailySalesChart,no
ui/expense/expense_chart.py,67,ExpenseChartWidget,QWidget,no
ui/expense/expense_export.py,11,ExpenseExport,,no
ui/expense/expense_filters.py,7,ExpenseFilters,QWidget,no
ui/expense/expense_page.py,40,ExpensePage,QWidget,no
ui/expense/expense_table.py,9,ExpenseTable,QWidget,no
ui/expense_attachment_dialog.py,13,ExpenseAttachmentDialog,QDialog,yes
ui/expense_budget_dialog.py,19,ExpenseBudgetDialog,QDialog,yes
ui/expense_categories_dialog.py,11,ExpenseCategoriesDialog,QDialog,yes
ui/expense_comparison_dialog.py,26,ExpenseComparisonDialog,QDialog,yes
ui/expense_dialog.py,14,ExpenseDialog,QDialog,yes
ui/expense_notification_dialog.py,13,ExpenseNotificationDialog,QDialog,yes
ui/inventory_page/adjustment_dialog.py,12,AdjustmentDialog,QDialog,yes
ui/inventory_page/adjustment_handlers.py,65,AdjustmentHandlers,,no
ui/inventory_page/adjustment_ui.py,15,AdjustmentUI,,no
ui/inventory_page/current_stock_tab.py,20,CurrentStockTab,QWidget,no
ui/inventory_page/expiry_tab.py,27,ExpiryTab,QWidget,no
ui/inventory_page/inventory_tabs.py,26,InventoryPage,QWidget,no
ui/inventory_page/logs_tab.py,16,LogsTab,QWidget,no
ui/inventory_page/low_stock_tab.py,14,LowStockTab,QWidget,no
ui/inventory_page/product_location_dialog.py,22,ProductLocationDialog,QDialog,yes
ui/inventory_page/product_transaction_history_dialog.py,20,ProductTransactionHistoryDialog,QDialog,yes
ui/inventory_page/purchase_history_tab.py,18,PurchaseHistoryTab,QWidget,no
ui/inventory_page/purchase_order_dialog.py,11,PurchaseOrderEditDialog,QDialog,yes
ui/inventory_page/stock_by_location_tab.py,17,StockByLocationTab,QWidget,no
ui/inventory_page/stock_in_dialog.py,11,StockInDialog,QDialog,yes
ui/inventory_page/stock_in_handlers.py,19,StockInHandlers,,no
ui/inventory_page/stock_in_ui.py,15,StockInUI,,no
ui/inventory_page/stock_in_widgets.py,7,StockInfoLabel,QLabel,no
ui/inventory_page/stock_in_widgets.py,55,HeaderFrame,QFrame,no
ui/inventory_page/stock_movement_dialog.py,22,StockMovementDialog,QDialog,yes
ui/inventory_page/stock_out_dialog.py,11,StockOutDialog,QDialog,yes
ui/inventory_page/stock_out_handlers.py,11,StockOutHandlers,,no
ui/inventory_page/stock_out_ui.py,16,StockOutUI,,no
ui/inventory_page/stock_out_widgets.py,7,HeaderFrame,QFrame,no
ui/inventory_page/stock_transfer_dialog.py,11,StockTransferDialog,QDialog,yes
ui/inventory_page/stock_transfer_handlers.py,12,StockTransferHandlers,,no
ui/inventory_page/stock_transfer_ui.py,15,StockTransferUI,,no
ui/inventory_page/supplier_dialog.py,11,SupplierDialog,QDialog,yes
ui/inventory_page/suppliers_tab.py,14,SuppliersTab,QWidget,no
ui/inventory_page/warehouse_dialog.py,17,WarehouseDialog,QDialog,yes
ui/lazy_loading_widget.py,24,HamsterProgressWidget,QWidget,no
ui/lazy_loading_widget.py,159,LazyLoadingWidget,QWidget,no
ui/loading_dialog.py,97,LogMessageFormatter,,no
ui/loading_dialog.py,189,LoadingDialog,QDialog,yes
ui/loading_dialog.py,735,WorkerSignals,QObject,no
ui/loading_dialog.py,744,Worker,QObject,no
ui/loading_dialog.py,779,LoadingDialogWithWorker,QDialog,yes
ui/login_dialog.py,18,LoginDialog,QDialog,yes
ui/main_window/header.py,15,Header,QFrame,no
ui/main_window/main_window.py,26,MainWindow,MainWindowUI,no
ui/main_window/main_window_actions.py,24,MainWindowActions,,no
ui/main_window/main_window_handlers.py,15,MainWindowHandlers,,no
ui/main_window/main_window_menus.py,17,MainWindowMenus,,no
ui/main_window/main_window_ui.py,33,MainWindowUI,QMainWindow,no
ui/main_window/modern_button.py,19,ModernButton,QPushButton,no
ui/main_window/sidebar.py,22,Sidebar,QFrame,no
ui/main_window/status_bar.py,11,StatusBar,QStatusBar,no
ui/pos_receipt_app.py,35,ReceiptDialog,QDialog,yes
ui/pos_receipt_app.py,137,MainWindow,QMainWindow,no
ui/print_barcode_dialog.py,103,IconLabel,QLabel,no
ui/print_barcode_dialog.py,176,PrintBarcodeDialog,QDialog,yes
ui/product_detail_dialog.py,110,ProductDetailDialog,QDialog,yes
ui/products_page/category_cost_dialog.py,23,CategoryCostDialog,QDialog,yes
ui/products_page/manage_categories_dialog.py,19,ManageCategoriesDialog,QDialog,yes
ui/products_page/manage_category_groups_dialog.py,11,ManageCategoryGroupsDialog,QDialog,yes
ui/products_page/manage_category_groups_handlers.py,17,CategoryGroupsHandlers,,no
ui/products_page/manage_category_groups_ui.py,13,CategoryGroupsUI,,no
ui/products_page/product_ai_chat_panel.py,18,ProductInsightsWorker,QThread,no
ui/products_page/product_ai_chat_panel.py,30,ProductAIChatPanel,QFrame,no
ui/products_page/product_ai_chat_panel.py,621,ProductAIChatDialog,QDialog,yes
ui/products_page/product_ai_insights.py,14,ProductAIInsights,,no
ui/products_page/product_card.py,12,ProductCards,QWidget,no
ui/products_page/product_filters.py,11,ProductFilters,QWidget,no
ui/products_page/product_form_dialog.py,11,ProductFormDialog,QDialog,yes
ui/products_page/product_form_handlers.py,31,ProductFormHandlers,,no
ui/products_page/product_form_ui.py,19,ProductFormUI,ProductFormUIPanels,no
ui/products_page/product_form_ui_base.py,21,ProductFormUIBase,,no
ui/products_page/product_form_ui_panels.py,20,ProductFormUIPanels,ProductFormUIBase,no
ui/products_page/product_form_ui_styles.py,9,ProductFormUIStyles,,no
ui/products_page/product_form_widgets.py,6,FormHeaderFrame,QFrame,no
ui/products_page/product_form_widgets.py,21,InfoLabel,QLabel,no
ui/products_page/product_form_widgets.py,39,StatusBadge,QLabel,no
ui/products_page/product_service.py,11,ProductService,,no
ui/products_page/product_table.py,169,ProductTable,QWidget,no
ui/products_page/products_page.py,30,ProductsPage,QWidget,no
ui/profit_loss_report_dialog.py,19,ProfitLossReportDialog,QDialog,yes
ui/profit_report_dialog.py,20,ProfitReportDialog,QDialog,yes
ui/receipt_detail_dialog.py,19,ReceiptDetailDialog,QDialog,yes
ui/receipt_dialog.py,18,ReceiptDialog,QDialog,yes
ui/receipt_dialog.py,495,DOC_INFO_1,ctypes.Structure,no
ui/receipts_page/credit_tab.py,20,CreditTab,QWidget,no
ui/receipts_page/discount_tab.py,18,DiscountTab,QWidget,no
ui/receipts_page/receipts_page.py,25,ReceiptsPage,QWidget,no
ui/receipts_page/receipts_tab.py,25,ReceiptsTab,QWidget,no
ui/receipts_page/refund_tab.py,19,RefundTab,QWidget,no
ui/receipts_page.py,19,ReceiptsPage,QWidget,no
ui/reports/base_report_dialog.py,25,WorkerSignals,QObject,no
ui/reports/base_report_dialog.py,31,BaseReportWorker,QObject,no
ui/reports/base_report_dialog.py,46,BaseReportDialog,QDialog,yes
ui/reports/expense_report.py,16,ExpenseReportWorker,QObject,no
ui/reports/expense_report.py,92,ExpenseReportTab,QWidget,no
ui/reports/financial_summary.py,15,FinancialSummaryWorker,QObject,no
ui/reports/financial_summary.py,106,FinancialSummaryTab,QWidget,no
ui/reports/profit_loss_report.py,13,PLReportWorker,QObject,no
ui/reports/profit_loss_report.py,145,ProfitLossReportTab,QWidget,no
ui/reports/profit_loss_report_dialog.py,15,ProfitLossWorker,QObject,no
ui/reports/profit_loss_report_dialog.py,86,ProfitLossReportDialog,BaseReportDialog,yes
ui/reports/reports_dialog.py,16,ReportsDialog,BaseReportDialog,yes
ui/reports/sales_report.py,14,SalesReportWorker,QObject,no
ui/reports/sales_report.py,72,SalesReportTab,QWidget,no
ui/restaurant_page.py,60,RestaurantPage,QWidget,no
ui/role_management_dialog.py,15,RoleManagementDialog,QDialog,yes
ui/sales_page/cart_widget.py,23,_CartSelectionProxy,,no
ui/sales_page/cart_widget.py,36,CartItemWidget,CashierCartItemWidget,no
ui/sales_page/cart_widget.py,211,CartWidget,CashierCartWidget,no
ui/sales_page/category_slider.py,14,CategorySlider,QScrollArea,no
ui/sales_page/checkout_handler/checkout_dialogs.py,22,CompletionDialog,QDialog,yes
ui/sales_page/checkout_handler/checkout_dialogs.py,294,ExpiredItemsDialog,QDialog,yes
ui/sales_page/checkout_handler/checkout_dialogs.py,466,ExpiryWarningDialog,QDialog,yes
ui/sales_page/checkout_handler/checkout_handler.py,44,GradientButton,QPushButton,no
ui/sales_page/checkout_handler/checkout_handler.py,120,CheckoutHandler,QObject,no
ui/sales_page/checkout_handler/checkout_helpers.py,12,CheckoutHelpers,,no
ui/sales_page/checkout_handler/checkout_processor.py,9,CheckoutProcessor,,no
ui/sales_page/checkout_handler/checkout_utils.py,30,DOC_INFO_1,ctypes.Structure,no
ui/sales_page/grid_view.py,20,GridViewWidget,QScrollArea,no
ui/sales_page/grid_view.py,535,LoyverseProductCard,QWidget,no
ui/sales_page/grid_view.py,855,ModernProductCard,QWidget,no
ui/sales_page/grid_view.py,1152,ClickableLabel,QLabel,no
ui/sales_page/list_view.py,16,ListItemWidget,QFrame,no
ui/sales_page/list_view.py,155,ListViewWidget,QScrollArea,no
ui/sales_page/options_widget.py,9,OptionsWidget,QGroupBox,no
ui/sales_page/payment_widget.py,11,MoneyInput,QLineEdit,no
ui/sales_page/payment_widget.py,40,PaymentWidget,QGroupBox,no
ui/sales_page/product_card.py,11,ProductCard,QFrame,no
ui/sales_page/product_card.py,177,FavouriteProductCard,ProductCard,no
ui/sales_page/product_grid.py,27,ProductGrid,QWidget,no
ui/sales_page/sales_page.py,31,SalesPage,QWidget,no
ui/sales_page/sales_page.py,1026,DOC_INFO_1,ctypes.Structure,no
ui/sales_page/totals_widget.py,9,TotalsWidget,QObject,no
ui/sales_summary/base_sales_summary.py,16,BaseSalesSummary,QWidget,no
ui/sales_summary/categories_tab.py,13,CategoriesTab,QWidget,no
ui/sales_summary/category_groups_tab.py,18,CategoryGroupsTab,QWidget,no
ui/sales_summary/category_parents_tab.py,18,CategoryParentsTab,QWidget,no
ui/sales_summary/items_tab.py,18,ItemsTab,QWidget,no
ui/sales_summary/payment_tab.py,19,PaymentTab,QWidget,no
ui/sales_summary/sales_summary_page.py,36,SalesSummaryPage,BaseSalesSummary,no
ui/sales_summary/top_items_tab.py,13,TopItemsTab,QWidget,no
ui/sales_summary/top_items_tab.py,164,_TopItemsBarChart,QWidget,no
ui/sales_summary/wholesale_items_tab.py,15,WholesaleItemsTab,QWidget,no
ui/sales_summary_page.py,16,SalesSummaryPage,QWidget,no
ui/settings/backup_reset_setting.py,1054,BackupWorker,QThread,no
ui/settings/backup_reset_setting.py,1087,RestoreWorker,QThread,no
ui/settings/backup_reset_setting.py,1145,FactoryResetWorker,QThread,no
ui/settings/backup_reset_setting.py,1324,ProgressDialog,QDialog,yes
ui/settings/backup_reset_setting.py,1382,BackupResetSettingWidget,QWidget,no
ui/settings/backup_reset_setting.py,1678,BackupInfoDialog,QDialog,yes
ui/settings/backup_reset_setting.py,1768,ConfirmResetDialog,QDialog,yes
ui/settings/database_connection_setting.py,26,CloudSyncWorker,QObject,no
ui/settings/database_connection_setting.py,45,DatabaseConnectionSettingWidget,QWidget,no
ui/settings/general_setting.py,22,PaymentTypeDialog,QDialog,yes
ui/settings/general_setting.py,48,GeneralSettingWidget,QWidget,no
ui/settings/performance_setting.py,19,PerformanceSettingWidget,QWidget,no
ui/settings/print_setting.py,13,PrintSettingWidget,QWidget,no
ui/settings/receipt_setting.py,24,ReceiptSettingWidget,QWidget,no
ui/settings/regional_setting.py,10,RegionalSettingWidget,QWidget,no
ui/settings/restaurant_setting.py,32,RestaurantSettingWidget,QWidget,no
ui/settings/settings_center.py,37,SettingsOverviewCard,QPushButton,no
ui/settings/settings_center.py,79,SettingsCenterWidget,QWidget,no
ui/settings/settings_center.py,529,SettingsPage,SettingsCenterWidget,no
ui/settings/telegram_setting.py,31,TelegramTaskThread,QThread,no
ui/settings/telegram_setting.py,54,TelegramSettingWidget,QWidget,no
ui/settings/update_setting.py,24,UpdateCheckerThread,QThread,no
ui/settings/update_setting.py,123,UpdateSettingWidget,QWidget,no
ui/settings/users_setting.py,16,UserDialog,QDialog,yes
ui/settings/users_setting.py,158,UsersSettingWidget,QWidget,no
ui/settings/youtube_setting.py,16,YouTubeSettingWidget,QWidget,no
ui/settings/zkteco_setting.py,17,ZKTecoSettingWidget,QWidget,no
ui/stock_movement_dialog.py,14,BaseStockMovementDialog,BaseFormDialog,yes
ui/stock_movement_dialog.py,136,StockInDialog,BaseStockMovementDialog,yes
ui/stock_movement_dialog.py,228,StockOutDialog,BaseStockMovementDialog,yes
ui/stock_movement_dialog.py,329,AdjustmentDialog,BaseStockMovementDialog,yes
ui/stock_notification_dialog.py,20,StockNotificationDialog,QDialog,yes
ui/supplier_ledger_dialog.py,21,SupplierLedgerDialog,QDialog,yes
ui/supplier_payment_dialog.py,18,SupplierPaymentDialog,QDialog,yes
ui/themes/theme_manager.py,70,ThemeManager,QObject,no
ui/widgets/action_button_widget.py,6,ActionButtonWidget,QWidget,no
ui/widgets/action_toolbar.py,12,ActionToolbar,QWidget,no
ui/widgets/ai_assistant_widget.py,4,AIAssistantWidget,QWidget,no
ui/widgets/auto_complete_combo.py,6,AutoCompleteComboBox,QWidget,no
ui/widgets/category_widget.py,26,CategoryBadge,QLabel,no
ui/widgets/category_widget.py,75,CategoryChip,QFrame,no
ui/widgets/category_widget.py,167,CategorySelectorWidget,QWidget,no
ui/widgets/category_widget.py,402,CategoryDropDown,QComboBox,no
ui/widgets/category_widget.py,494,CategoryTreeWidget,QWidget,no
ui/widgets/category_widget.py,724,CategoryHierarchyWidget,QWidget,no
ui/widgets/category_widget.py,815,CategoryFilterWidget,QWidget,no
ui/widgets/category_widget.py,919,CategoryInfoWidget,QWidget,no
ui/widgets/combo_box_widget.py,10,ComboBoxWidget,QComboBox,no
ui/widgets/currency_input_widget.py,7,CurrencyInputWidget,QWidget,no
ui/widgets/date_range_widget.py,12,DatePickerDialog,QDialog,yes
ui/widgets/date_range_widget.py,700,DateRangeWidget,QWidget,no
ui/widgets/date_time_widget.py,9,DateTimeWidget,QWidget,no
ui/widgets/file_upload_widget.py,7,FileUploadWidget,QWidget,no
ui/widgets/loading_overlay.py,20,LoadingOverlay,QWidget,no
ui/widgets/loading_spinner_widget.py,7,LoadingSpinnerWidget,QWidget,no
ui/widgets/modern_button.py,16,ModernButton,QPushButton,no
ui/widgets/modern_date_picker.py,8,ModernDatePicker,QWidget,no
ui/widgets/no_wheel_spinbox.py,4,NoWheelDoubleSpinBox,QDoubleSpinBox,no
ui/widgets/numeric_keypad_dialog.py,10,NumericKeypadDialog,QDialog,yes
ui/widgets/numeric_keypad_dialog.py,256,NumericInputDialog,QDialog,yes
ui/widgets/pagination_widget.py,10,PaginationWidget,QWidget,no
ui/widgets/search_widget.py,11,ModernSearchWidget,QWidget,no
ui/widgets/search_widget.py,472,SearchWidget,ModernSearchWidget,no
ui/widgets/status_badge_widget.py,6,StatusBadgeWidget,QWidget,no
ui/widgets/summary_card_widget.py,17,SummaryCardWidget,QWidget,no
ui/widgets/summary_card_widget.py,782,ModernGradientCard,QFrame,no
ui/widgets/tab_widget.py,9,AnimatedTabButton,QPushButton,no
ui/widgets/tab_widget.py,76,TabWidget,QWidget,no
ui/widgets/tab_widget.py,205,MainWindow,QMainWindow,no
ui/widgets/tag_input_widget.py,7,TagInputWidget,QWidget,no
ui/widgets/toast_notification_widget.py,8,ToastNotificationWidget,QWidget,no
app/application.py,46,LoadingSignals,QObject,no
app/application.py,55,Application,,no
app/cashier_application.py,16,CashierApplication,,no
app/config.py,19,AppConfig,,no
models/database/auto_maintenance.py,13,DatabaseMaintenanceScheduler,,no
models/database/cache.py,12,QueryCache,,no
models/database/connection.py,106,DBContext,,no
models/database/database_fix_dialog.py,11,DatabaseFixWorker,QThread,no
models/database/database_fix_dialog.py,33,DatabaseFixDialog,QDialog,yes
models/database/migration_manager.py,39,MigrationStatus,Enum,no
models/database/migration_manager.py,47,Migration,,no
models/database/migration_manager.py,62,MigrationManager,,no
models/database/migration_manager.py,20,Version,,no
models/database/pool.py,31,ConnectionPool,,no
models/database/pool.py,278,_PooledConnection,,no
models/database/postgres_adapter.py,139,PostgresConnectionAdapter,,no
models/database/postgres_adapter.py,167,PostgresCursorAdapter,,no
models/database/profiler.py,12,QueryProfiler,,no
models/database/recovery.py,16,DatabaseRecovery,,no
models/database.py,15,ConnectionPool,,no
models/database.py,87,_PooledConnection,,no
models/database.py,135,DBContext,,no
services/cloud_sync_service.py,44,CloudSyncResult,,no
services/cloud_sync_service.py,359,CloudSyncService,,no
services/cloud_sync_service.py,576,CloudSyncManager,,no
services/credit_service.py,12,CreditService,,no
services/network_printer_client.py,16,NetworkPrintResult,,no
utils/auto_backup.py,10,AutoBackupManager,QObject,no
utils/customer_display_server.py,227,_CustomerDisplayHTTPServer,ThreadingHTTPServer,no
utils/customer_display_server.py,236,_CustomerDisplayHandler,BaseHTTPRequestHandler,no
utils/customer_display_server.py,284,CustomerDisplayServer,,no
utils/error_handling.py,9,ErrorDialog,QDialog,yes
utils/excel_exporter.py,10,ExcelExporter,,no
utils/expense_notification_checker.py,8,ExpenseNotificationChecker,QObject,no
utils/image_optimizer.py,9,ImageOptimizer,,no
utils/language.py,6,LanguageManager,QObject,no
utils/performance.py,9,PerformanceSettings,,no
utils/permissions.py,8,Permission,Enum,no
utils/permissions.py,95,PermissionManager,,no
utils/single_instance.py,15,SingleInstanceGuard,,no
utils/speech_to_text.py,15,SpeechButton,,no
utils/system_theme.py,6,SystemThemeDetector,QObject,no
utils/telegram_service.py,52,TelegramError,RuntimeError,no
utils/telegram_service.py,57,TelegramConfig,,no
utils/telegram_service.py,695,TelegramCommandListener,,no
utils/touch_scroll.py,47,TouchScrollInstaller,QObject,no
server/api.py,138,LoginRequest,BaseModel,no
server/api.py,143,LiteSettingsRequest,BaseModel,no
server/api.py,147,PaymentTypeRequest,BaseModel,no
server/api.py,151,StockLocationRequest,BaseModel,no
server/api.py,155,CategoryManageRequest,BaseModel,no
server/api.py,163,LiteUserRequest,BaseModel,no
server/api.py,171,ServiceOrderCreateRequest,BaseModel,no
server/api.py,194,ServiceOrderUpdateRequest,BaseModel,no
server/api.py,216,ServiceOrderItemRequest,BaseModel,no
server/api.py,237,ServiceOrderItemUpdateRequest,BaseModel,no
server/api.py,258,ServiceOrderStatusRequest,BaseModel,no
server/api.py,263,ServiceOrderDepositRequest,BaseModel,no
server/api.py,270,ServiceOrderCheckoutRequest,BaseModel,no
server/api.py,276,ServiceOrderReturnVisitRequest,BaseModel,no
server/api.py,282,ServiceOrderReturnCloseRequest,BaseModel,no
server/api.py,286,ServiceOrderNotificationStatusRequest,BaseModel,no
server/api.py,291,PrintServicePresetRequest,BaseModel,no
server/api.py,308,CarPrintRequest,BaseModel,no
server/api.py,315,CarSearchPrintRequest,BaseModel,no
server/api.py,322,PrinterInfoPayload,BaseModel,no
server/api.py,327,PrinterAgentHeartbeat,BaseModel,no
server/api.py,336,PrinterAgentEnrollment,BaseModel,no
server/api.py,341,PrinterAgentPermissions,BaseModel,no
server/api.py,346,NetworkPrinterPermissions,BaseModel,no
server/api.py,351,NetworkPrintJobRequest,BaseModel,no
server/api.py,361,NetworkPrintClaimRequest,BaseModel,no
server/api.py,366,NetworkPrintStatusRequest,BaseModel,no
server/api.py,839,CartItem,BaseModel,no
server/api.py,846,SaleRequest,BaseModel,no
server/api.py,859,RefundRequest,BaseModel,no
server/api.py,863,StockAdjustmentRequest,BaseModel,no
server/api.py,880,ExpenseRequest,BaseModel,no
server/api.py,890,StockAdjustmentSetRequest,BaseModel,no
server/api.py,903,StockTransferRequest,BaseModel,no
server/api.py,913,MovementReverseRequest,BaseModel,no
server/api.py,917,ProductVariantRequest,BaseModel,no
server/api.py,929,ProductManageRequest,BaseModel,no
server/car_management_service.py,31,CarRepository,,no
server/car_management_service.py,669,CarRequestHandler,,no
server/car_management_service.py,741,CarManagementTCPService,,no
server/cashier_service.py,3058,DOC_INFO_1,ctypes.Structure,no
server/printer_service.py,18,PrinterRegistry,,no
server/service_order_service.py,297,ServiceOrderRepository,,no
lite_pos/api.py,13,LiteApiError,RuntimeError,no
lite_pos/api.py,17,LiteApiClient,,no
lite_pos/cart.py,6,CartError,ValueError,no
lite_pos/cart.py,20,LiteCart,,no
lite_pos/settings_center.py,20,UserDialog,QDialog,yes
lite_pos/settings_center.py,38,LiteSettingsCenter,QWidget,no
lite_pos/theme.py,9,DesignerFusionStyle,QProxyStyle,no
lite_pos/window.py,100,QPushButton,QtPushButton,no
lite_pos/window.py,130,HorizontalWheelScrollArea,QScrollArea,no
lite_pos/window.py,146,ResponsiveProductGrid,QListWidget,no
lite_pos/window.py,242,ProductGridTile,QFrame,no
lite_pos/window.py,328,LiteSaleDisplay,QWidget,no
lite_pos/window.py,404,TaskWorker,QObject,no
lite_pos/window.py,422,CheckoutDialog,QDialog,yes
lite_pos/window.py,620,ExpenseDialog,QDialog,yes
lite_pos/window.py,686,ProductEditorDialog,QDialog,yes
lite_pos/window.py,805,CategoryManagerDialog,QDialog,yes
lite_pos/window.py,945,ReceiptDialog,QDialog,yes
lite_pos/window.py,1137,ServiceOrderItemDialog,QDialog,yes
lite_pos/window.py,1314,ServiceOrderDialog,QDialog,yes
lite_pos/window.py,1390,LiteWindow,QMainWindow,no
lite_pos/window.py,69,DOC_INFO_1,ctypes.Structure,no
service_job_client/window.py,20,LoginDialog,QDialog,yes
service_job_client/window.py,26,TaskWorker,QObject,no
service_job_client/window.py,44,ServiceJobClientWindow,QMainWindow,no
car_client/config.py,14,ServerSettings,,no
car_client/config.py,43,SettingsStore,,no
car_client/dashboard_charts.py,8,HorizontalBarChart,QWidget,no
car_client/dashboard_charts.py,28,CompletenessChart,QWidget,no
car_client/form_preview_dialog.py,16,FormPreviewDialog,QDialog,yes
car_client/form_print_dialog.py,164,FormPrintSettingsDialog,QDialog,yes
car_client/form_print_dialog.py,56,PRINTER_INFO_4W,ctypes.Structure,no
car_client/network.py,19,CarClientError,RuntimeError,no
car_client/network.py,23,CarConnectionError,CarClientError,no
car_client/network.py,27,CarProtocolError,CarClientError,no
car_client/network.py,31,CarServerClient,,no
car_client/offline_store.py,29,OfflineCarStore,,no
car_client/qr_code.py,48,CarQrDialog,QDialog,yes
car_client/window.py,201,ConnectionTestThread,QThread,no
car_client/window.py,217,SaveCarThread,QThread,no
car_client/window.py,232,LoadCarsThread,QThread,no
car_client/window.py,246,RecordActionThread,QThread,no
car_client/window.py,263,IssueQrThread,QThread,no
car_client/window.py,277,PrintAgentNetworkThread,QThread,no
car_client/window.py,301,DuplicateCheckThread,QThread,no
car_client/window.py,315,CarRecordDialog,QDialog,yes
car_client/window.py,335,DashboardAlertDialog,QDialog,yes
car_client/window.py,357,DashboardSettingsDialog,QDialog,yes
car_client/window.py,373,CarClientWindow,QMainWindow,no
